mean_fit_time,std_fit_time,mean_score_time,std_score_time,param_penalty,param_l1_ratio,param_C,params,split0_test_score,split1_test_score,split2_test_score,split3_test_score,split4_test_score,mean_test_score,std_test_score,rank_test_score
0.641746997833252,0.10479186090244652,0.0020014762878417967,0.0006336924969564217,elasticnet,0.6842105263157894,5.963623316594637,"{'penalty': 'elasticnet', 'l1_ratio': 0.6842105263157894, 'C': 5.963623316594637}",0.9353925333713243,0.9569263917145477,0.9611840187304105,0.9587893974545248,0.9548413631866203,0.9534267408914856,0.009256509038345677,1
2.3366965293884276,0.3141846830992041,0.004485416412353516,0.0025590290557259607,,0.8421052631578947,18.420699693267164,"{'penalty': None, 'l1_ratio': 0.8421052631578947, 'C': 18.420699693267164}",0.9313400049100051,0.9589058388390461,0.9652223259599391,0.9589874448340222,0.9504898808397437,0.9529890990765513,0.011794652782094713,3
0.007470703125,0.003916057331353701,0.0024149417877197266,0.0009681797290146345,l1,0.7894736842105263,0.0016768329368110084,"{'penalty': 'l1', 'l1_ratio': 0.7894736842105263, 'C': 0.0016768329368110084}",0.06666666666666667,0.06666666666666667,0.06666666666666667,0.06666666666666667,0.06666666666666667,0.06666666666666667,0.0,28
0.025028800964355467,0.012872478985021786,0.0018015384674072265,0.0005099849401641648,elasticnet,0.15789473684210525,0.009102981779915217,"{'penalty': 'elasticnet', 'l1_ratio': 0.15789473684210525, 'C': 0.009102981779915217}",0.8261236003757455,0.8126633493501939,0.81004098900318,0.8065401041610816,0.8339455602889252,0.8178627206358252,0.010424149430220738,23
0.0333134651184082,0.018642387577925273,0.0019017696380615235,0.001805115703395483,elasticnet,0.10526315789473684,0.005179474679231213,"{'penalty': 'elasticnet', 'l1_ratio': 0.10526315789473684, 'C': 0.005179474679231213}",0.7073732212652267,0.715627147845878,0.7112370048003522,0.7277228578716936,0.7178008564797737,0.7159522176525849,0.006897876750370148,24
2.421371269226074,0.16020540919477477,0.0028021812438964845,0.0019655178288412113,,0.6842105263157894,0.003906939937054617,"{'penalty': None, 'l1_ratio': 0.6842105263157894, 'C': 0.003906939937054617}",0.9313400049100051,0.9589058388390461,0.9652223259599391,0.9589874448340222,0.9504898808397437,0.9529890990765513,0.011794652782094713,3
3.6286076068878175,0.33060817994469877,0.0035247325897216795,0.0015463816645402907,l1,0.15789473684210525,56.89866029018293,"{'penalty': 'l1', 'l1_ratio': 0.15789473684210525, 'C': 56.89866029018293}",0.9313400049100051,0.9589058388390461,0.9652223259599391,0.9589874448340222,0.9504898808397437,0.9529890990765513,0.011794652782094713,3
2.3498918533325197,0.2978402503496437,0.0055024147033691405,0.0016404288374916125,l1,0.6842105263157894,4.498432668969444,"{'penalty': 'l1', 'l1_ratio': 0.6842105263157894, 'C': 4.498432668969444}",0.9312287573462369,0.954867659310695,0.9633105901748603,0.9629129526545361,0.9526742368920015,0.9529988392756659,0.01168037818686526,2
0.028026771545410157,0.00877724292380773,0.004618597030639648,0.0021218580674636466,elasticnet,0.47368421052631576,0.028117686979742307,"{'penalty': 'elasticnet', 'l1_ratio': 0.47368421052631576, 'C': 0.028117686979742307}",0.9218733785513487,0.9081809158182105,0.9120696172015276,0.8978068297638843,0.9342527613809919,0.9148367005431925,0.012397346289690837,21
0.061597347259521484,0.013068518122839476,0.0026163101196289063,0.0014724578387201202,l2,0.10526315789473684,0.20235896477251575,"{'penalty': 'l2', 'l1_ratio': 0.10526315789473684, 'C': 0.20235896477251575}",0.9251516326523063,0.9462740046539703,0.9450190947981817,0.9260792269930943,0.9573121540563815,0.9399672226307867,0.012478154409088308,19
0.006763315200805664,0.003275538728873217,0.0022971630096435547,0.0018928567196041292,elasticnet,0.8421052631578947,0.00040949150623804275,"{'penalty': 'elasticnet', 'l1_ratio': 0.8421052631578947, 'C': 0.00040949150623804275}",0.06666666666666667,0.06666666666666667,0.06666666666666667,0.06666666666666667,0.06666666666666667,0.06666666666666667,0.0,28
0.024972820281982423,0.008074411217623733,0.004536104202270508,0.0028783777592528816,elasticnet,0.47368421052631576,0.006866488450042998,"{'penalty': 'elasticnet', 'l1_ratio': 0.47368421052631576, 'C': 0.006866488450042998}",0.6823275789014778,0.6869024387481324,0.6755255119777356,0.6863502279428497,0.6801629471944902,0.6822537409529371,0.004196129944968896,25
0.017136335372924805,0.007096091616137401,0.0024031639099121095,0.0015284583120291568,elasticnet,0.10526315789473684,0.00030888435964774815,"{'penalty': 'elasticnet', 'l1_ratio': 0.10526315789473684, 'C': 0.00030888435964774815}",0.23239566859384858,0.23275774021275308,0.23438069256447577,0.23294525294525292,0.2325745519961254,0.23301078126249114,0.0007090331834937501,27
0.024269914627075194,0.01279665803649558,0.001901721954345703,0.0019089131888333222,elasticnet,0.5263157894736842,0.015998587196060572,"{'penalty': 'elasticnet', 'l1_ratio': 0.5263157894736842, 'C': 0.015998587196060572}",0.8886720440221647,0.869188464230859,0.8700565534247523,0.8617829913745579,0.8908464335204095,0.8761092973145486,0.011530676211253052,22
3.0736527919769285,0.13747164911130927,0.0022272586822509764,0.0012191327562706968,,0.6842105263157894,0.15264179671752334,"{'penalty': None, 'l1_ratio': 0.6842105263157894, 'C': 0.15264179671752334}",0.9313400049100051,0.9589058388390461,0.9652223259599391,0.9589874448340222,0.9504898808397437,0.9529890990765513,0.011794652782094713,3
2.7561270713806154,0.43423684172144683,0.0023010730743408202,0.0016617566480929672,l1,0.05263157894736842,18.420699693267164,"{'penalty': 'l1', 'l1_ratio': 0.05263157894736842, 'C': 18.420699693267164}",0.9313878935293223,0.9546850968662924,0.9652866907270442,0.9609530702303851,0.9504898808397437,0.9525605264385575,0.011742842976066927,15
2.759840202331543,0.26733677779801546,0.005512619018554687,0.0017052028973328303,,0.631578947368421,5.963623316594637,"{'penalty': None, 'l1_ratio': 0.631578947368421, 'C': 5.963623316594637}",0.9313400049100051,0.9589058388390461,0.9652223259599391,0.9589874448340222,0.9504898808397437,0.9529890990765513,0.011794652782094713,3
2.9201629638671873,0.34213477497303674,0.004237222671508789,0.003304845060576361,,0.47368421052631576,2.559547922699533,"{'penalty': None, 'l1_ratio': 0.47368421052631576, 'C': 2.559547922699533}",0.9313400049100051,0.9589058388390461,0.9652223259599391,0.9589874448340222,0.9504898808397437,0.9529890990765513,0.011794652782094713,3
3.314489459991455,0.12842437218922706,0.004004192352294922,0.0023860112230691824,,0.6842105263157894,42.91934260128778,"{'penalty': None, 'l1_ratio': 0.6842105263157894, 'C': 42.91934260128778}",0.9313400049100051,0.9589058388390461,0.9652223259599391,0.9589874448340222,0.9504898808397437,0.9529890990765513,0.011794652782094713,3
0.007404470443725586,0.004147955758438244,0.0040799140930175785,0.0034035967738509734,elasticnet,0.631578947368421,0.00013257113655901095,"{'penalty': 'elasticnet', 'l1_ratio': 0.631578947368421, 'C': 0.00013257113655901095}",0.06666666666666667,0.06666666666666667,0.06666666666666667,0.06666666666666667,0.06666666666666667,0.06666666666666667,0.0,28
0.024303960800170898,0.004522879612902946,0.003581666946411133,0.00034804992562601986,l2,0.05263157894736842,0.03727593720314938,"{'penalty': 'l2', 'l1_ratio': 0.05263157894736842, 'C': 0.03727593720314938}",0.9223600967747098,0.9236508632433998,0.9260642289867732,0.9073515200505405,0.9339520134461781,0.9226757445003203,0.008654691369324086,20
3.562048053741455,0.5973546562396115,0.003051567077636719,0.002173976659437991,l1,0.2631578947368421,13.89495494373136,"{'penalty': 'l1', 'l1_ratio': 0.2631578947368421, 'C': 13.89495494373136}",0.9313878935293223,0.9546850968662924,0.9631869043368887,0.9609530702303851,0.9504898808397437,0.9521405691605265,0.011309771305968596,17
0.03348288536071777,0.012428744400060782,0.003582191467285156,0.003573092838970146,l2,0.631578947368421,0.0012648552168552957,"{'penalty': 'l2', 'l1_ratio': 0.631578947368421, 'C': 0.0012648552168552957}",0.4099575780265497,0.44985038890694223,0.43881957303855673,0.4379832083876589,0.41727548102506923,0.4307772458769554,0.014806390042404503,26
3.289009666442871,0.1588914891722762,0.0035167217254638674,0.0015564919029349424,,0.894736842105263,0.35564803062231287,"{'penalty': None, 'l1_ratio': 0.894736842105263, 'C': 0.35564803062231287}",0.9313400049100051,0.9589058388390461,0.9652223259599391,0.9589874448340222,0.9504898808397437,0.9529890990765513,0.011794652782094713,3
3.135546636581421,0.13337952676782203,0.0033145427703857424,0.0015566583093550646,,0.9473684210526315,0.015998587196060572,"{'penalty': None, 'l1_ratio': 0.9473684210526315, 'C': 0.015998587196060572}",0.9313400049100051,0.9589058388390461,0.9652223259599391,0.9589874448340222,0.9504898808397437,0.9529890990765513,0.011794652782094713,3
0.9941675186157226,0.10064871212885776,0.002960824966430664,0.003283734987702685,l2,0.5789473684210527,18.420699693267164,"{'penalty': 'l2', 'l1_ratio': 0.5789473684210527, 'C': 18.420699693267164}",0.9353925333713243,0.954867659310695,0.9611840187304105,0.9587893974545248,0.9526742368920015,0.9525815691517912,0.009091061737506687,14
0.2859374523162842,0.02208548550231172,0.005024147033691406,0.001199806088021191,l2,0.6842105263157894,1.9306977288832496,"{'penalty': 'l2', 'l1_ratio': 0.6842105263157894, 'C': 1.9306977288832496}",0.9394316485515697,0.9549423922955326,0.9592854764283336,0.9505015855216167,0.9569138139120984,0.9522149833418302,0.007012260994362841,16
0.11897745132446289,0.018571784317921124,0.00422821044921875,0.0022350971518913555,l2,0.42105263157894735,0.47148663634573945,"{'penalty': 'l2', 'l1_ratio': 0.42105263157894735, 'C': 0.47148663634573945}",0.9312776446897397,0.9419785436221085,0.9552390048177971,0.9402812794674928,0.9570609170525092,0.9451674779299294,0.009693928542028208,18
3.347223424911499,0.1717063575447907,0.004376506805419922,0.002521468333797009,,0.15789473684210525,0.006866488450042998,"{'penalty': None, 'l1_ratio': 0.15789473684210525, 'C': 0.006866488450042998}",0.9313400049100051,0.9589058388390461,0.9652223259599391,0.9589874448340222,0.9504898808397437,0.9529890990765513,0.011794652782094713,3
2.797151279449463,0.3710761851665845,0.002746915817260742,0.0008228467660853652,,0.9473684210526315,0.0022229964825261957,"{'penalty': None, 'l1_ratio': 0.9473684210526315, 'C': 0.0022229964825261957}",0.9313400049100051,0.9589058388390461,0.9652223259599391,0.9589874448340222,0.9504898808397437,0.9529890990765513,0.011794652782094713,3
